date,C,Kph,Hg
2015-01-01,16.0,8.0,30.15
2015-01-02,18.0,11.0,30.09
2015-01-03,18.0,7.0,30.06
2015-01-04,17.0,12.0,30.0
2015-01-05,16.0,11.0,30.09
2015-01-06,16.0,11.0,30.09
2015-01-07,17.0,13.0,29.97
2015-01-08,14.0,17.0,30.09
2015-01-09,12.0,4.0,30.15
2015-01-10,9.0,11.0,30.06
2015-01-11,9.0,12.0,30.24
2015-01-12,10.0,18.0,30.39
2015-01-13,10.0,14.0,30.36
2015-01-14,11.0,10.0,30.27
2015-01-15,14.0,11.0,30.12
2015-01-16,16.0,10.0,30.15
2015-01-17,15.0,16.0,30.15
2015-01-18,13.0,16.0,30.18
2015-01-19,13.0,24.0,30.09
2015-01-20,13.0,17.0,30.12
2015-01-21,14.0,12.0,30.24
2015-01-22,16.0,8.0,30.21
2015-01-23,16.0,11.0,30.12
2015-01-24,18.0,5.0,30.15
2015-01-25,18.0,12.0,30.21
2015-01-26,19.0,24.0,30.12
2015-01-27,20.0,19.0,30.03
2015-01-28,20.0,19.0,29.94
2015-01-29,21.0,12.0,29.88
2015-01-30,21.0,14.0,29.91
2015-01-31,18.0,17.0,30.12
2015-02-01,17.0,18.0,30.15
2015-02-02,18.0,15.0,30.06
2015-02-03,21.0,18.0,29.97
2015-02-04,21.0,13.0,30.0
2015-02-05,19.0,22.0,30.12
2015-02-06,18.0,17.0,30.12
2015-02-07,18.0,9.0,30.03
2015-02-08,21.0,21.0,29.77
2015-02-09,22.0,9.0,29.83
2015-02-10,22.0,12.0,29.77
2015-02-11,24.0,16.0,29.8
2015-02-12,18.0,24.0,29.91
2015-02-13,17.0,6.0,30.06
2015-02-14,18.0,7.0,30.0
2015-02-15,18.0,10.0,30.03
2015-02-16,20.0,22.0,29.94
2015-02-17,18.0,15.0,30.0
2015-02-18,19.0,10.0,30.0
2015-02-19,17.0,8.0,29.88
2015-02-20,17.0,15.0,29.68
2015-02-21,14.0,13.0,29.83
2015-02-22,13.0,22.0,30.03
2015-02-23,14.0,16.0,30.15
2015-02-24,16.0,9.0,30.12
2015-02-25,17.0,18.0,30.0
2015-02-26,18.0,24.0,30.09
2015-02-27,19.0,22.0,30.03
2015-02-28,20.0,8.0,30.0
2015-03-01,22.0,10.0,29.91
2015-03-02,21.0,16.0,29.94
2015-03-03,21.0,9.0,30.0
2015-03-04,21.0,9.0,29.97
2015-03-05,21.0,15.0,30.06
2015-03-06,20.0,21.0,30.15
2015-03-07,21.0,17.0,30.15
2015-03-08,22.0,9.0,30.09
2015-03-09,24.0,18.0,30.0
2015-03-10,22.0,9.0,30.0
2015-03-11,23.0,15.0,29.94
2015-03-12,23.0,13.0,29.94
2015-03-13,24.0,15.0,29.88
2015-03-14,25.0,15.0,29.88
2015-03-15,24.0,14.0,29.91
2015-03-16,24.0,13.0,29.94
2015-03-17,22.0,18.0,29.97
2015-03-18,22.0,17.0,29.97
2015-03-19,25.0,21.0,29.88
2015-03-20,25.0,15.0,29.85
2015-03-21,24.0,12.0,29.94
2015-03-22,22.0,20.0,29.91
2015-03-23,18.0,14.0,30.12
2015-03-24,19.0,6.0,30.12
2015-03-25,24.0,15.0,30.0
2015-03-26,25.0,13.0,29.97
2015-03-27,23.0,14.0,30.03
2015-03-28,25.0,7.0,30.0
2015-03-29,28.0,22.0,29.85
2015-03-30,28.0,26.0,29.71
2015-03-31,25.0,12.0,29.85
2015-04-01,25.0,19.0,29.8
2015-04-02,24.0,24.0,29.85
2015-04-03,26.0,14.0,29.8
2015-04-04,28.0,8.0,29.74
2015-04-05,28.0,19.0,29.85
2015-04-06,27.0,19.0,29.91
2015-04-07,29.0,15.0,29.85
2015-04-08,32.0,13.0,29.83
2015-04-09,33.0,15.0,29.8
2015-04-10,34.0,24.0,29.68
2015-04-11,32.0,22.0,29.71
2015-04-12,28.0,21.0,29.8
2015-04-13,29.0,15.0,29.85
2015-04-14,29.0,15.0,29.85
2015-04-15,29.0,12.0,29.85
2015-04-16,29.0,16.0,29.91
2015-04-17,25.0,13.0,30.06
2015-04-18,27.0,22.0,29.97
2015-04-19,29.0,20.0,29.91
2015-04-20,31.0,8.0,29.91
2015-04-21,33.0,20.0,29.83
2015-04-22,33.0,22.0,29.74
2015-04-23,33.0,19.0,29.77
2015-04-24,26.0,31.0,29.91
2015-04-25,24.0,25.0,30.09
2015-04-26,27.0,18.0,30.0
2015-04-27,30.0,11.0,29.94
2015-04-28,33.0,12.0,29.8
2015-04-29,35.0,11.0,29.85
2015-04-30,36.0,10.0,29.8
2015-05-01,38.0,12.0,29.74
2015-05-02,37.0,15.0,29.77
2015-05-03,34.0,13.0,29.77
2015-05-04,36.0,17.0,29.68
2015-05-05,34.0,9.0,29.65
2015-05-06,35.0,10.0,29.68
2015-05-07,36.0,16.0,29.65
2015-05-08,35.0,14.0,29.71
2015-05-09,34.0,9.0,29.65
2015-05-10,36.0,14.0,29.62
2015-05-11,38.0,18.0,29.68
2015-05-12,37.0,10.0,29.8
2015-05-13,40.0,17.0,29.71
2015-05-14,36.0,20.0,29.74
2015-05-15,32.0,13.0,29.91
2015-05-16,32.0,22.0,29.94
2015-05-17,35.0,23.0,29.83
2015-05-18,37.0,19.0,29.74
2015-05-19,38.0,16.0,29.74
2015-05-20,39.0,16.0,29.68
2015-05-21,40.0,12.0,29.68
2015-05-22,42.0,16.0,29.59
2015-05-23,39.0,18.0,29.65
2015-05-24,37.0,20.0,29.74
2015-05-25,38.0,21.0,29.77
2015-05-26,39.0,14.0,29.74
2015-05-27,40.0,14.0,29.74
2015-05-28,39.0,14.0,29.71
2015-05-29,42.0,11.0,29.62
2015-05-30,42.0,15.0,29.65
2015-05-31,43.0,15.0,29.68
2015-06-01,42.0,7.0,29.65
2015-06-02,44.0,10.0,29.65
2015-06-03,42.0,28.0,29.68
2015-06-04,42.0,33.0,29.65
2015-06-05,44.0,17.0,29.59
2015-06-06,43.0,14.0,29.65
2015-06-07,42.0,29.0,29.68
2015-06-08,41.0,32.0,29.68
2015-06-09,42.0,40.0,29.59
2015-06-10,44.0,33.0,29.53
2015-06-11,42.0,29.0,29.56
2015-06-12,40.0,32.0,29.62
2015-06-13,40.0,34.0,29.56
2015-06-14,41.0,31.0,29.5
2015-06-15,38.0,21.0,29.53
2015-06-16,40.0,18.0,29.5
2015-06-17,41.0,11.0,29.47
2015-06-18,41.0,14.0,29.5
2015-06-19,41.0,17.0,29.53
2015-06-20,42.0,25.0,29.5
2015-06-21,39.0,29.0,29.53
2015-06-22,39.0,31.0,29.53
2015-06-23,39.0,30.0,29.5
2015-06-24,40.0,29.0,29.5
2015-06-25,38.0,24.0,29.5
2015-06-26,38.0,19.0,29.5
2015-06-27,38.0,15.0,29.53
2015-06-28,39.0,23.0,29.56
2015-06-29,41.0,26.0,29.59
2015-06-30,40.0,29.0,29.65
2015-07-01,40.0,33.0,29.65
2015-07-02,41.0,24.0,29.59
2015-07-03,44.0,23.0,29.53
2015-07-04,46.0,28.0,29.53
2015-07-05,43.0,30.0,29.59
2015-07-06,42.0,30.0,29.56
2015-07-07,42.0,34.0,29.47
2015-07-08,41.0,28.0,29.47
2015-07-09,41.0,24.0,29.53
2015-07-10,41.0,28.0,29.5
2015-07-11,43.0,34.0,29.41
2015-07-12,43.0,24.0,29.38
2015-07-13,44.0,20.0,29.47
2015-07-14,45.0,19.0,29.47
2015-07-15,46.0,12.0,29.47
2015-07-16,46.0,14.0,29.44
2015-07-17,45.0,22.0,29.44
2015-07-18,43.0,18.0,29.41
2015-07-19,42.0,15.0,29.35
2015-07-20,43.0,21.0,29.32
2015-07-21,43.0,21.0,29.38
2015-07-22,44.0,10.0,29.44
2015-07-23,44.0,21.0,29.47
2015-07-24,44.0,15.0,29.5
2015-07-25,45.0,5.0,29.47
2015-07-26,45.0,16.0,29.41
2015-07-27,46.0,24.0,29.38
2015-07-28,45.0,25.0,29.44
2015-07-29,46.0,20.0,29.41
2015-07-30,47.0,19.0,29.41
2015-07-31,47.0,21.0,29.44
2015-08-01,47.0,27.0,29.44
2015-08-02,47.0,31.0,29.53
2015-08-03,45.0,24.0,29.53
2015-08-04,46.0,14.0,29.5
2015-08-05,45.0,7.0,29.5
2015-08-06,46.0,19.0,29.47
2015-08-07,47.0,23.0,29.47
2015-08-08,45.0,24.0,29.56
2015-08-09,43.0,25.0,29.56
2015-08-10,43.0,26.0,29.53
2015-08-11,41.0,24.0,29.56
2015-08-12,41.0,24.0,29.59
2015-08-13,41.0,17.0,29.56
2015-08-14,43.0,20.0,29.56
2015-08-15,44.0,23.0,29.53
2015-08-16,45.0,22.0,29.53
2015-08-17,45.0,27.0,29.53
2015-08-18,45.0,28.0,29.53
2015-08-19,45.0,16.0,29.53
2015-08-20,46.0,20.0,29.53
2015-08-21,46.0,26.0,29.5
2015-08-22,44.0,21.0,29.53
2015-08-23,44.0,13.0,29.5
2015-08-24,43.0,8.0,29.5
2015-08-25,43.0,10.0,29.5
2015-08-26,43.0,9.0,29.53
2015-08-27,43.0,15.0,29.59
2015-08-28,43.0,14.0,29.62
2015-08-29,44.0,11.0,29.59
2015-08-30,44.0,10.0,29.59
2015-08-31,44.0,9.0,29.56
2015-09-01,42.0,15.0,29.53
2015-09-02,41.0,18.0,29.59
2015-09-03,41.0,22.0,29.56
2015-09-04,38.0,15.0,29.62
2015-09-05,40.0,17.0,29.59
2015-09-06,40.0,15.0,29.59
2015-09-07,42.0,12.0,29.68
2015-09-08,41.0,12.0,29.62
2015-09-09,42.0,10.0,29.68
2015-09-10,42.0,13.0,29.71
2015-09-11,42.0,15.0,29.71
2015-09-12,41.0,12.0,29.68
2015-09-13,41.0,6.0,29.71
2015-09-14,41.0,8.0,29.74
2015-09-15,42.0,13.0,29.65
2015-09-16,40.0,19.0,29.65
2015-09-17,38.0,16.0,29.65
2015-09-18,38.0,15.0,29.65
2015-09-19,38.0,13.0,29.68
2015-09-20,38.0,13.0,29.68
2015-09-21,39.0,7.0,29.68
2015-09-22,39.0,11.0,29.68
2015-09-23,38.0,21.0,29.77
2015-09-24,37.0,27.0,29.74
2015-09-25,37.0,26.0,29.71
2015-09-26,38.0,20.0,29.71
2015-09-27,37.0,8.0,29.74
2015-09-28,37.0,15.0,29.74
2015-09-29,36.0,15.0,29.74
2015-09-30,37.0,12.0,29.8
2015-10-01,36.0,16.0,29.88
2015-10-02,37.0,10.0,29.94
2015-10-03,39.0,12.0,29.91
2015-10-04,39.0,15.0,29.85
2015-10-05,38.0,13.0,29.8
2015-10-06,38.0,12.0,29.71
2015-10-07,38.0,20.0,29.65
2015-10-08,35.0,13.0,29.77
2015-10-09,34.0,16.0,29.83
2015-10-10,32.0,14.0,29.85
2015-10-11,32.0,20.0,29.88
2015-10-12,32.0,21.0,29.88
2015-10-13,33.0,11.0,29.85
2015-10-14,34.0,5.0,29.83
2015-10-15,34.0,9.0,29.85
2015-10-16,34.0,9.0,29.85
2015-10-17,34.0,12.0,29.88
2015-10-18,34.0,9.0,29.88
2015-10-19,33.0,6.0,29.94
2015-10-20,33.0,9.0,29.88
2015-10-21,33.0,10.0,29.83
2015-10-22,30.0,17.0,29.91
2015-10-23,29.0,9.0,29.94
2015-10-24,31.0,13.0,29.91
2015-10-25,32.0,9.0,29.88
2015-10-26,32.0,17.0,29.83
2015-10-27,32.0,17.0,29.83
2015-10-28,29.0,26.0,29.83
2015-10-29,29.0,24.0,29.83
2015-10-30,27.0,17.0,29.88
2015-10-31,26.0,15.0,29.97
2015-11-01,25.0,13.0,30.03
2015-11-02,25.0,11.0,30.03
2015-11-03,24.0,9.0,30.09
2015-11-04,25.0,8.0,30.06
2015-11-05,27.0,15.0,29.97
2015-11-06,26.0,16.0,29.91
2015-11-07,23.0,13.0,29.97
2015-11-08,24.0,10.0,30.03
2015-11-09,24.0,13.0,29.94
2015-11-10,24.0,13.0,29.83
2015-11-11,22.0,11.0,29.94
2015-11-12,20.0,13.0,30.15
2015-11-13,21.0,13.0,30.18
2015-11-14,21.0,14.0,30.12
2015-11-15,22.0,10.0,30.06
2015-11-16,22.0,13.0,30.0
2015-11-17,22.0,19.0,29.91
2015-11-18,21.0,15.0,29.91
2015-11-19,20.0,10.0,30.09
2015-11-20,20.0,11.0,30.09
2015-11-21,19.0,13.0,30.12
2015-11-22,19.0,9.0,30.12
2015-11-23,19.0,7.0,30.09
2015-11-24,20.0,7.0,30.09
2015-11-25,22.0,8.0,30.15
2015-11-26,21.0,6.0,30.15
2015-11-27,22.0,6.0,30.09
2015-11-28,23.0,9.0,30.03
2015-11-29,22.0,10.0,30.06
2015-11-30,22.0,12.0,30.09
2015-12-01,25.0,21.0,30.0
2015-12-02,20.0,17.0,30.06
2015-12-03,19.0,8.0,30.12
2015-12-04,15.0,17.0,30.21
2015-12-05,12.0,15.0,30.24
2015-12-06,12.0,18.0,30.24
2015-12-07,10.0,11.0,30.3
2015-12-08,12.0,18.0,30.27
2015-12-09,13.0,11.0,30.24
2015-12-10,15.0,5.0,30.21
2015-12-11,16.0,5.0,30.18
2015-12-12,17.0,9.0,30.09
2015-12-13,19.0,20.0,29.97
2015-12-14,18.0,19.0,29.91
2015-12-15,15.0,10.0,30.12
2015-12-16,15.0,7.0,30.24
2015-12-17,16.0,8.0,30.18
2015-12-18,16.0,12.0,30.15
2015-12-19,16.0,11.0,30.18
2015-12-20,16.0,15.0,30.18
2015-12-21,15.0,17.0,30.24
2015-12-22,15.0,13.0,30.27
2015-12-23,13.0,10.0,30.27
2015-12-24,12.0,10.0,30.21
2015-12-25,15.0,17.0,30.24
2015-12-26,14.0,13.0,30.27
2015-12-27,15.0,5.0,30.33
2015-12-28,13.0,8.0,30.33
2015-12-29,15.0,8.0,30.15
2015-12-30,16.0,29.0,29.91
2015-12-31,14.0,10.0,30.06
2016-01-01,16.0,17.0,30.0
2016-01-02,14.0,16.0,30.18
2016-01-03,11.0,6.0,30.33
2016-01-04,14.0,12.0,30.18
2016-01-05,15.0,13.0,30.15
2016-01-06,16.0,5.0,30.15
2016-01-07,17.0,7.0,30.15
2016-01-08,17.0,20.0,30.0
2016-01-09,17.0,15.0,29.94
2016-01-10,15.0,11.0,30.18
2016-01-11,14.0,14.0,30.24
2016-01-12,14.0,10.0,30.18
2016-01-13,15.0,15.0,30.18
2016-01-14,15.0,8.0,30.12
2016-01-15,17.0,12.0,30.06
2016-01-16,16.0,14.0,30.12
2016-01-17,15.0,12.0,30.09
2016-01-18,17.0,15.0,30.0
2016-01-19,19.0,23.0,29.97
2016-01-20,16.0,14.0,30.15
2016-01-21,16.0,10.0,30.24
2016-01-22,17.0,7.0,30.15
2016-01-23,20.0,20.0,29.97
2016-01-24,20.0,13.0,29.94
2016-01-25,16.0,15.0,30.09
2016-01-26,14.0,11.0,30.12
2016-01-27,11.0,14.0,30.18
2016-01-28,7.0,22.0,30.3
2016-01-29,8.0,17.0,30.36
2016-01-30,10.0,15.0,30.36
2016-01-31,12.0,10.0,30.3
2016-02-01,13.0,10.0,30.27
2016-02-02,15.0,5.0,30.18
2016-02-03,16.0,15.0,30.24
2016-02-04,16.0,17.0,30.3
2016-02-05,17.0,8.0,30.3
2016-02-06,18.0,22.0,30.03
2016-02-07,19.0,17.0,29.88
2016-02-08,16.0,18.0,30.09
2016-02-09,15.0,14.0,30.24
2016-02-10,16.0,7.0,30.12
2016-02-11,16.0,17.0,30.12
2016-02-12,16.0,21.0,30.21
2016-02-13,17.0,19.0,30.15
2016-02-14,19.0,9.0,30.15
2016-02-15,21.0,13.0,30.18
2016-02-16,21.0,22.0,30.12
2016-02-17,22.0,13.0,30.12
2016-02-18,22.0,13.0,30.09
2016-02-19,23.0,10.0,30.06
2016-02-20,23.0,22.0,29.94
2016-02-21,23.0,14.0,29.94
2016-02-22,26.0,38.0,29.8
2016-02-23,20.0,8.0,29.91
2016-02-24,20.0,11.0,30.06
2016-02-25,21.0,12.0,30.09
2016-02-26,21.0,9.0,30.06
2016-02-27,23.0,14.0,30.03
2016-02-28,22.0,13.0,30.09
2016-02-29,22.0,23.0,30.15
2016-03-01,22.0,15.0,30.0
2016-03-02,25.0,9.0,29.97
2016-03-03,25.0,17.0,29.94
2016-03-04,27.0,34.0,29.85
2016-03-05,25.0,16.0,29.88
2016-03-06,24.0,18.0,29.91
2016-03-07,22.0,19.0,29.97
2016-03-08,22.0,10.0,29.94
2016-03-09,23.0,7.0,29.88
2016-03-10,25.0,6.0,29.91
2016-03-11,26.0,15.0,29.88
2016-03-12,25.0,15.0,29.97
2016-03-13,25.0,7.0,29.94
2016-03-14,29.0,16.0,29.83
2016-03-15,25.0,21.0,29.83
2016-03-16,23.0,13.0,29.91
2016-03-17,22.0,18.0,29.97
2016-03-18,22.0,9.0,30.03
2016-03-19,22.0,7.0,30.09
2016-03-20,25.0,30.0,29.94
2016-03-21,26.0,19.0,29.8
2016-03-22,23.0,19.0,29.91
2016-03-23,22.0,20.0,30.06
2016-03-24,24.0,12.0,30.12
2016-03-25,27.0,18.0,30.03
2016-03-26,27.0,21.0,29.94
2016-03-27,25.0,26.0,29.8
2016-03-28,25.0,13.0,29.8
2016-03-29,22.0,19.0,29.94
2016-03-30,21.0,15.0,30.06
2016-03-31,21.0,23.0,30.03
2016-04-01,22.0,19.0,30.0
2016-04-02,22.0,13.0,30.03
2016-04-03,24.0,9.0,30.03
2016-04-04,26.0,8.0,29.94
2016-04-05,27.0,12.0,29.85
2016-04-06,29.0,14.0,29.8
2016-04-07,29.0,10.0,29.83
2016-04-08,30.0,10.0,29.83
2016-04-09,31.0,14.0,29.83
2016-04-10,33.0,12.0,29.83
2016-04-11,33.0,23.0,29.77
2016-04-12,31.0,22.0,29.65
2016-04-13,29.0,15.0,29.83
2016-04-14,29.0,15.0,29.85
2016-04-15,29.0,12.0,29.85
2016-04-16,29.0,14.0,29.83
2016-04-17,29.0,14.0,29.85
2016-04-18,29.0,16.0,29.85
2016-04-19,30.0,14.0,29.85
2016-04-20,30.0,17.0,29.83
2016-04-21,31.0,9.0,29.94
2016-04-22,33.0,6.0,29.88
2016-04-23,34.0,10.0,29.77
2016-04-24,36.0,7.0,29.68
2016-04-25,37.0,10.0,29.68
2016-04-26,38.0,12.0,29.74
2016-04-27,39.0,14.0,29.74
2016-04-28,37.0,14.0,29.68
2016-04-29,33.0,18.0,29.74
2016-04-30,31.0,16.0,29.83
2016-05-01,33.0,9.0,29.8
2016-05-02,37.0,16.0,29.68
2016-05-03,36.0,15.0,29.68
2016-05-04,37.0,10.0,29.71
2016-05-05,35.0,22.0,29.74
2016-05-06,36.0,14.0,29.71
2016-05-07,35.0,14.0,29.74
2016-05-08,34.0,22.0,29.77
2016-05-09,35.0,19.0,29.77
2016-05-10,35.0,8.0,29.71
2016-05-11,37.0,19.0,29.68
2016-05-12,36.0,19.0,29.68
2016-05-13,35.0,22.0,29.77
2016-05-14,37.0,19.0,29.83
2016-05-15,38.0,28.0,29.8
2016-05-16,40.0,29.0,29.74
2016-05-17,41.0,12.0,29.65
2016-05-18,43.0,14.0,29.59
2016-05-19,37.0,12.0,29.71
2016-05-20,37.0,15.0,29.71
2016-05-21,37.0,15.0,29.71
2016-05-22,36.0,20.0,29.71
2016-05-23,38.0,6.0,29.68
2016-05-24,36.0,23.0,29.65
2016-05-25,33.0,20.0,29.77
2016-05-26,31.0,16.0,29.74
2016-05-27,32.0,9.0,29.68
2016-05-28,32.0,19.0,29.65
2016-05-29,38.0,15.0,29.71
2016-05-30,35.0,26.0,29.71
2016-05-31,34.0,23.0,29.77
2016-06-01,39.0,16.0,29.65
2016-06-02,37.0,12.0,29.68
2016-06-03,37.0,17.0,29.65
2016-06-04,39.0,18.0,29.68
2016-06-05,41.0,13.0,29.71
2016-06-06,43.0,11.0,29.68
2016-06-07,41.0,17.0,29.68
2016-06-08,39.0,17.0,29.71
2016-06-09,41.0,9.0,29.65
2016-06-10,40.0,17.0,29.59
2016-06-11,39.0,22.0,29.68
2016-06-12,37.0,18.0,29.71
2016-06-13,37.0,21.0,29.71
2016-06-14,38.0,27.0,29.68
2016-06-15,37.0,25.0,29.59
2016-06-16,40.0,22.0,29.56
2016-06-17,38.0,16.0,29.56
2016-06-18,39.0,13.0,29.62
2016-06-19,40.0,12.0,29.68
2016-06-20,41.0,24.0,29.62
2016-06-21,42.0,28.0,29.53
2016-06-22,42.0,17.0,29.5
2016-06-23,43.0,14.0,29.53
2016-06-24,43.0,15.0,29.44
2016-06-25,44.0,17.0,29.47
2016-06-26,45.0,21.0,29.5
2016-06-27,44.0,26.0,29.47
2016-06-28,44.0,23.0,29.44
2016-06-29,45.0,9.0,29.47
2016-06-30,45.0,11.0,29.47
2016-07-01,43.0,36.0,29.47
2016-07-02,40.0,31.0,29.44
2016-07-03,41.0,25.0,29.38
2016-07-04,41.0,21.0,29.38
2016-07-05,42.0,18.0,29.41
2016-07-06,42.0,14.0,29.44
2016-07-07,43.0,17.0,29.47
2016-07-08,43.0,19.0,29.5
2016-07-09,43.0,28.0,29.5
2016-07-10,43.0,24.0,29.5
2016-07-11,41.0,26.0,29.47
2016-07-12,41.0,22.0,29.47
2016-07-13,42.0,19.0,29.47
2016-07-14,43.0,18.0,29.41
2016-07-15,44.0,21.0,29.47
2016-07-16,43.0,30.0,29.47
2016-07-17,44.0,25.0,29.44
2016-07-18,43.0,19.0,29.44
2016-07-19,43.0,20.0,29.41
2016-07-20,43.0,23.0,29.41
2016-07-21,43.0,20.0,29.41
2016-07-22,43.0,17.0,29.44
2016-07-23,43.0,17.0,29.44
2016-07-24,43.0,18.0,29.44
2016-07-25,43.0,16.0,29.44
2016-07-26,43.0,21.0,29.44
2016-07-27,43.0,24.0,29.44
2016-07-28,43.0,19.0,29.47
2016-07-29,43.0,10.0,29.47
2016-07-30,43.0,12.0,29.47
2016-07-31,44.0,15.0,29.5
2016-08-01,46.0,17.0,29.5
2016-08-02,47.0,22.0,29.44
2016-08-03,48.0,34.0,29.35
2016-08-04,44.0,24.0,29.41
2016-08-05,44.0,18.0,29.47
2016-08-06,44.0,22.0,29.47
2016-08-07,43.0,26.0,29.47
2016-08-08,42.0,24.0,29.5
2016-08-09,42.0,14.0,29.5
2016-08-10,44.0,18.0,29.5
2016-08-11,45.0,25.0,29.47
2016-08-12,45.0,25.0,29.5
2016-08-13,45.0,23.0,29.56
2016-08-14,45.0,25.0,29.53
2016-08-15,45.0,21.0,29.5
2016-08-16,44.0,24.0,29.5
2016-08-17,42.0,25.0,29.47
2016-08-18,42.0,23.0,29.47
2016-08-19,41.0,17.0,29.53
2016-08-20,42.0,12.0,29.59
2016-08-21,42.0,10.0,29.53
2016-08-22,43.0,6.0,29.53
2016-08-23,43.0,7.0,29.53
2016-08-24,43.0,9.0,29.53
2016-08-25,43.0,12.0,29.53
2016-08-26,44.0,6.0,29.59
2016-08-27,44.0,8.0,29.62
2016-08-28,44.0,7.0,29.59
2016-08-29,45.0,5.0,29.59
2016-08-30,43.0,11.0,29.56
2016-08-31,48.0,18.0,29.53
2016-09-01,45.0,17.0,29.47
2016-09-02,43.0,16.0,29.5
2016-09-03,44.0,9.0,29.53
2016-09-04,43.0,17.0,29.62
2016-09-05,40.0,26.0,29.74
2016-09-06,39.0,27.0,29.71
2016-09-07,37.0,28.0,29.65
2016-09-08,38.0,23.0,29.59
2016-09-09,37.0,10.0,29.65
2016-09-10,38.0,4.0,29.68
2016-09-11,39.0,11.0,29.68
2016-09-12,39.0,23.0,29.62
2016-09-13,38.0,19.0,29.65
2016-09-14,38.0,14.0,29.68
2016-09-15,39.0,8.0,29.68
2016-09-16,40.0,9.0,29.65
2016-09-17,39.0,15.0,29.65
2016-09-18,37.0,22.0,29.71
2016-09-19,34.0,20.0,29.74
2016-09-20,35.0,18.0,29.74
2016-09-21,36.0,21.0,29.74
2016-09-22,37.0,23.0,29.77
2016-09-23,37.0,20.0,29.74
2016-09-24,35.0,22.0,29.71
2016-09-25,32.0,21.0,29.74
2016-09-26,34.0,11.0,29.74
2016-09-27,37.0,8.0,29.77
2016-09-28,37.0,12.0,29.8
2016-09-29,32.0,23.0,29.8
2016-09-30,30.0,24.0,29.77
2016-10-01,30.0,18.0,29.74
2016-10-02,31.0,6.0,29.8
2016-10-03,31.0,9.0,29.83
2016-10-04,32.0,14.0,29.77
2016-10-05,32.0,15.0,29.74
2016-10-06,33.0,18.0,29.77
2016-10-07,34.0,17.0,29.8
2016-10-08,34.0,13.0,29.83
2016-10-09,34.0,12.0,29.83
2016-10-10,34.0,9.0,29.8
2016-10-11,32.0,13.0,29.8
2016-10-12,32.0,16.0,29.85
2016-10-13,31.0,18.0,29.85
2016-10-14,32.0,18.0,29.85
2016-10-15,32.0,12.0,29.85
2016-10-16,32.0,7.0,29.88
2016-10-17,32.0,10.0,29.88
2016-10-18,33.0,18.0,29.83
2016-10-19,33.0,9.0,29.83
2016-10-20,31.0,17.0,29.85
2016-10-21,31.0,12.0,29.85
2016-10-22,30.0,4.0,29.85
2016-10-23,31.0,11.0,29.88
2016-10-24,32.0,7.0,29.85
2016-10-25,32.0,18.0,29.8
2016-10-26,33.0,24.0,29.8
2016-10-27,31.0,11.0,30.0
2016-10-28,31.0,13.0,30.03
2016-10-29,31.0,10.0,29.91
2016-10-30,30.0,17.0,29.88
2016-10-31,30.0,15.0,29.91
2016-11-01,30.0,10.0,29.85
2016-11-02,28.0,19.0,29.85
2016-11-03,22.0,17.0,30.12
2016-11-04,22.0,10.0,30.12
2016-11-05,23.0,10.0,30.03
2016-11-06,23.0,16.0,30.0
2016-11-07,22.0,15.0,30.12
2016-11-08,22.0,13.0,30.21
2016-11-09,23.0,16.0,30.15
2016-11-10,24.0,15.0,30.12
2016-11-11,24.0,12.0,30.06
2016-11-12,26.0,14.0,30.06
2016-11-13,25.0,13.0,30.09
2016-11-14,24.0,8.0,30.12
2016-11-15,25.0,7.0,30.03
2016-11-16,26.0,18.0,29.91
2016-11-17,26.0,10.0,29.94
2016-11-18,23.0,17.0,30.06
2016-11-19,21.0,19.0,30.09
2016-11-20,20.0,18.0,30.0
2016-11-21,20.0,10.0,30.0
2016-11-22,19.0,11.0,30.03
2016-11-23,18.0,13.0,30.03
2016-11-24,15.0,9.0,30.03
2016-11-25,16.0,7.0,30.09
2016-11-26,15.0,7.0,30.12
2016-11-27,16.0,9.0,30.18
2016-11-28,17.0,13.0,30.21
2016-11-29,17.0,10.0,30.18
2016-11-30,20.0,16.0,30.09
2016-12-01,23.0,27.0,29.94
2016-12-02,24.0,21.0,29.97
2016-12-03,19.0,8.0,30.24
2016-12-04,18.0,14.0,30.27
2016-12-05,19.0,10.0,30.15
2016-12-06,18.0,20.0,30.09
2016-12-07,14.0,21.0,30.21
2016-12-08,14.0,16.0,30.21
2016-12-09,13.0,21.0,30.18
2016-12-10,11.0,16.0,30.18
2016-12-11,13.0,7.0,30.15
2016-12-12,14.0,11.0,30.18
2016-12-13,15.0,10.0,30.06
2016-12-14,17.0,21.0,29.91
2016-12-15,14.0,20.0,30.03
2016-12-16,13.0,5.0,30.27
2016-12-17,14.0,5.0,30.27
2016-12-18,13.0,13.0,30.27
2016-12-19,14.0,5.0,30.24
2016-12-20,11.0,19.0,30.18
2016-12-21,9.0,11.0,30.3
2016-12-22,12.0,5.0,30.27
2016-12-23,15.0,6.0,30.24
2016-12-24,18.0,9.0,30.09
2016-12-25,19.0,16.0,29.94
2016-12-26,15.0,5.0,30.15
2016-12-27,16.0,8.0,30.09
2016-12-28,15.0,15.0,30.12
2016-12-29,15.0,7.0,30.18
2016-12-30,18.0,8.0,30.12
2016-12-31,18.0,11.0,30.09
2017-01-01,17.0,20.0,30.12
2017-01-02,15.0,18.0,30.15
2017-01-03,14.0,20.0,30.18
2017-01-04,13.0,15.0,30.18
2017-01-05,13.0,22.0,30.27
2017-01-06,14.0,19.0,30.21
2017-01-07,15.0,6.0,30.09
2017-01-08,16.0,7.0,29.97
2017-01-09,18.0,12.0,29.94
2017-01-10,16.0,18.0,30.15
2017-01-11,15.0,15.0,30.21
2017-01-12,14.0,20.0,30.15
2017-01-13,14.0,15.0,30.0
2017-01-14,14.0,14.0,30.06
2017-01-15,13.0,10.0,30.06
2017-01-16,13.0,17.0,30.15
2017-01-17,13.0,16.0,30.21
2017-01-18,14.0,6.0,30.15
2017-01-19,17.0,6.0,30.09
2017-01-20,16.0,14.0,30.12
2017-01-21,15.0,9.0,30.09
2017-01-22,15.0,11.0,30.09
2017-01-23,13.0,16.0,30.21
2017-01-24,13.0,19.0,30.21
2017-01-25,14.0,11.0,30.21
2017-01-26,16.0,26.0,30.09
2017-01-27,18.0,17.0,29.88
2017-01-28,15.0,17.0,30.0
2017-01-29,12.0,15.0,30.18
2017-01-30,10.0,8.0,30.27
2017-01-31,14.0,14.0,30.03
2017-02-01,13.0,24.0,30.03
2017-02-02,7.0,20.0,30.24
2017-02-03,8.0,18.0,30.36
2017-02-04,10.0,9.0,30.36
2017-02-05,12.0,5.0,30.24
2017-02-06,13.0,11.0,30.21
2017-02-07,14.0,18.0,30.24
2017-02-08,16.0,8.0,30.15
2017-02-09,19.0,27.0,30.0
2017-02-10,17.0,18.0,29.97
2017-02-11,16.0,14.0,30.0
2017-02-12,19.0,15.0,29.94
2017-02-13,18.0,16.0,29.85
2017-02-14,17.0,10.0,30.09
2017-02-15,19.0,19.0,30.0
2017-02-16,15.0,10.0,30.0
2017-02-17,13.0,16.0,30.0
2017-02-18,10.0,18.0,30.3
2017-02-19,11.0,14.0,30.39
2017-02-20,12.0,13.0,30.27
2017-02-21,14.0,9.0,30.12
2017-02-22,16.0,8.0,30.09
2017-02-23,17.0,10.0,30.06
2017-02-24,17.0,15.0,30.21
2017-02-25,19.0,18.0,30.21
2017-02-26,19.0,19.0,30.12
2017-02-27,20.0,16.0,30.06
2017-02-28,22.0,5.0,30.09
2017-03-01,21.0,11.0,30.03
2017-03-02,22.0,22.0,29.91
2017-03-03,21.0,11.0,29.94
2017-03-04,22.0,5.0,29.94
2017-03-05,20.0,19.0,29.97
2017-03-06,20.0,15.0,29.97
2017-03-07,21.0,10.0,29.91
2017-03-08,22.0,12.0,29.94
2017-03-09,23.0,20.0,30.0
2017-03-10,23.0,10.0,29.94
2017-03-11,25.0,22.0,29.83
2017-03-12,24.0,9.0,29.94
2017-03-13,25.0,25.0,29.83
2017-03-14,22.0,13.0,29.97
2017-03-15,23.0,6.0,29.94
2017-03-16,24.0,19.0,29.8
2017-03-17,20.0,16.0,30.0
2017-03-18,24.0,18.0,29.97
2017-03-19,25.0,28.0,29.68
2017-03-20,21.0,24.0,29.8
2017-03-21,22.0,8.0,29.94
2017-03-22,24.0,18.0,29.91
2017-03-23,26.0,22.0,29.74
2017-03-24,23.0,13.0,29.83
2017-03-25,22.0,9.0,29.88
2017-03-26,22.0,8.0,29.97
2017-03-27,25.0,4.0,30.06
2017-03-28,23.0,19.0,30.0
2017-03-29,24.0,11.0,29.97
2017-03-30,26.0,9.0,30.0
2017-03-31,27.0,17.0,29.91
2017-04-01,27.0,11.0,29.91
2017-04-02,28.0,21.0,29.85
2017-04-03,25.0,22.0,29.97
2017-04-04,24.0,22.0,30.09
2017-04-05,24.0,16.0,30.06
2017-04-06,26.0,10.0,29.94
2017-04-07,29.0,17.0,29.83
2017-04-08,29.0,12.0,29.91
2017-04-09,30.0,13.0,29.94
2017-04-10,31.0,19.0,29.88
2017-04-11,30.0,16.0,29.85
2017-04-12,33.0,17.0,29.83
2017-04-13,36.0,20.0,29.8
2017-04-14,36.0,23.0,29.74
2017-04-15,29.0,22.0,29.83
2017-04-16,27.0,21.0,29.91
2017-04-17,27.0,13.0,29.94
2017-04-18,29.0,10.0,29.91
2017-04-19,30.0,22.0,29.91
2017-04-20,29.0,25.0,29.97
2017-04-21,30.0,19.0,29.94
2017-04-22,34.0,30.0,29.85
2017-04-23,34.0,11.0,29.77
2017-04-24,33.0,13.0,29.77
2017-04-25,30.0,25.0,29.83
2017-04-26,30.0,21.0,29.88
2017-04-27,29.0,13.0,29.88
2017-04-28,34.0,11.0,29.8
2017-04-29,36.0,12.0,29.74
2017-04-30,36.0,10.0,29.8
2017-05-01,36.0,11.0,29.74
2017-05-02,37.0,18.0,29.71
2017-05-03,35.0,12.0,29.74
2017-05-04,34.0,13.0,29.71
2017-05-05,35.0,14.0,29.71
2017-05-06,36.0,12.0,29.77
2017-05-07,35.0,17.0,29.77
2017-05-08,37.0,13.0,29.8
2017-05-09,36.0,23.0,29.83
2017-05-10,37.0,19.0,29.77
2017-05-11,38.0,16.0,29.68
2017-05-12,40.0,10.0,29.65
2017-05-13,38.0,22.0,29.71
2017-05-14,36.0,18.0,29.74
2017-05-15,38.0,12.0,29.68
2017-05-16,39.0,21.0,29.62
2017-05-17,37.0,19.0,29.68
2017-05-18,38.0,13.0,29.71
2017-05-19,40.0,8.0,29.68
2017-05-20,40.0,19.0,29.65
2017-05-21,35.0,22.0,29.71
2017-05-22,32.0,20.0,29.8
2017-05-23,36.0,7.0,29.77
2017-05-24,36.0,24.0,29.77
2017-05-25,34.0,23.0,29.85
2017-05-26,37.0,10.0,29.74
2017-05-27,39.0,17.0,29.68
2017-05-28,38.0,23.0,29.74
2017-05-29,41.0,17.0,29.71
2017-05-30,41.0,26.0,29.74
2017-05-31,40.0,30.0,29.74
2017-06-01,36.0,23.0,29.74
2017-06-02,34.0,22.0,29.71
2017-06-03,35.0,17.0,29.74
2017-06-04,37.0,20.0,29.71
2017-06-05,39.0,22.0,29.65
2017-06-06,41.0,17.0,29.62
2017-06-07,43.0,24.0,29.62
2017-06-08,41.0,27.0,29.62
2017-06-09,42.0,24.0,29.59
2017-06-10,43.0,16.0,29.56
2017-06-11,43.0,19.0,29.56
2017-06-12,41.0,20.0,29.59
2017-06-13,43.0,14.0,29.56
2017-06-14,45.0,9.0,29.5
2017-06-15,43.0,20.0,29.59
2017-06-16,41.0,26.0,29.65
2017-06-17,42.0,13.0,29.59
2017-06-18,44.0,14.0,29.5
2017-06-19,42.0,27.0,29.53
2017-06-20,42.0,28.0,29.53
2017-06-21,38.0,36.0,29.56
2017-06-22,39.0,26.0,29.62
2017-06-23,37.0,28.0,29.65
2017-06-24,39.0,27.0,29.59
2017-06-25,40.0,28.0,29.53
2017-06-26,42.0,25.0,29.53
2017-06-27,43.0,20.0,29.5
2017-06-28,46.0,24.0,29.41
2017-06-29,46.0,36.0,29.44
2017-06-30,43.0,23.0,29.41
2017-07-01,43.0,12.0,29.41
2017-07-02,43.0,10.0,29.44
2017-07-03,45.0,8.0,29.44
2017-07-04,45.0,8.0,29.41
2017-07-05,45.0,8.0,29.41
2017-07-06,46.0,23.0,29.41
2017-07-07,47.0,19.0,29.32
2017-07-08,47.0,13.0,29.35
2017-07-09,45.0,11.0,29.41
2017-07-10,46.0,9.0,29.47
2017-07-11,46.0,34.0,29.5
2017-07-12,44.0,29.0,29.44
2017-07-13,44.0,20.0,29.38
2017-07-14,44.0,13.0,29.41
2017-07-15,45.0,16.0,29.44
2017-07-16,46.0,19.0,29.47
2017-07-17,46.0,25.0,29.47
2017-07-18,47.0,16.0,29.41
2017-07-19,47.0,25.0,29.38
2017-07-20,45.0,31.0,29.41
2017-07-21,44.0,22.0,29.41
2017-07-22,46.0,18.0,29.44
2017-07-23,47.0,16.0,29.38
2017-07-24,46.0,31.0,29.41
2017-07-25,45.0,23.0,29.44
2017-07-26,44.0,27.0,29.44
2017-07-27,44.0,29.0,29.44
2017-07-28,45.0,26.0,29.5
2017-07-29,46.0,29.0,29.5
2017-07-30,44.0,31.0,29.53
2017-07-31,44.0,23.0,29.56
2017-08-01,44.0,23.0,29.5
2017-08-02,46.0,17.0,29.47
2017-08-03,47.0,10.0,29.47
2017-08-04,46.0,21.0,29.44
2017-08-05,46.0,27.0,29.41
2017-08-06,47.0,24.0,29.44
2017-08-07,46.0,23.0,29.47
2017-08-08,46.0,16.0,29.5
2017-08-09,47.0,22.0,29.47
2017-08-10,46.0,18.0,29.41
2017-08-11,46.0,10.0,29.41
2017-08-12,46.0,11.0,29.44
2017-08-13,46.0,9.0,29.44
2017-08-14,46.0,20.0,29.47
2017-08-15,45.0,19.0,29.5
2017-08-16,44.0,10.0,29.53
2017-08-17,46.0,6.0,29.5
2017-08-18,46.0,14.0,29.5
2017-08-19,45.0,33.0,29.56
2017-08-20,43.0,36.0,29.53
2017-08-21,45.0,30.0,29.5
2017-08-22,45.0,29.0,29.44
2017-08-23,42.0,31.0,29.53
2017-08-24,41.0,23.0,29.56
2017-08-25,42.0,24.0,29.56
2017-08-26,43.0,24.0,29.47
2017-08-27,43.0,19.0,29.47
2017-08-28,43.0,15.0,29.53
2017-08-29,42.0,12.0,29.5
2017-08-30,44.0,13.0,29.53
2017-08-31,44.0,18.0,29.53
2017-09-01,44.0,13.0,29.5
2017-09-02,44.0,14.0,29.5
2017-09-03,44.0,28.0,29.53
2017-09-04,43.0,29.0,29.62
2017-09-05,42.0,21.0,29.62
2017-09-06,42.0,8.0,29.59
2017-09-07,43.0,12.0,29.59
2017-09-08,41.0,26.0,29.65
2017-09-09,38.0,22.0,29.71
2017-09-10,39.0,12.0,29.65
2017-09-11,42.0,14.0,29.65
2017-09-12,44.0,20.0,29.71
2017-09-13,43.0,21.0,29.71
2017-09-14,41.0,22.0,29.65
2017-09-15,39.0,14.0,29.65
2017-09-16,40.0,8.0,29.65
2017-09-17,41.0,10.0,29.65
2017-09-18,40.0,7.0,29.68
2017-09-19,41.0,9.0,29.71
2017-09-20,42.0,19.0,29.68
2017-09-21,42.0,17.0,29.62
2017-09-22,40.0,19.0,29.65
2017-09-23,38.0,27.0,29.74
2017-09-24,39.0,28.0,29.74
2017-09-25,39.0,15.0,29.74
2017-09-26,40.0,17.0,29.74
2017-09-27,40.0,16.0,29.77
2017-09-28,37.0,19.0,29.8
2017-09-29,37.0,12.0,29.77
2017-09-30,39.0,11.0,29.77
2017-10-01,37.0,16.0,29.83
2017-10-02,35.0,19.0,29.83
2017-10-03,34.0,18.0,29.83
2017-10-04,35.0,15.0,29.77
2017-10-05,31.0,22.0,29.8
2017-10-06,26.0,10.0,29.8
2017-10-07,33.0,12.0,29.8
2017-10-08,33.0,12.0,29.8
2017-10-09,34.0,8.0,29.8
2017-10-10,35.0,12.0,29.77
2017-10-11,32.0,26.0,29.83
2017-10-12,31.0,18.0,29.91
2017-10-13,32.0,14.0,29.85
2017-10-14,33.0,12.0,29.83
2017-10-15,34.0,7.0,29.8
2017-10-16,32.0,14.0,29.83
2017-10-17,31.0,20.0,29.85
2017-10-18,31.0,19.0,29.91
2017-10-19,31.0,16.0,29.97
2017-10-20,31.0,13.0,29.94
2017-10-21,31.0,16.0,29.88
2017-10-22,30.0,16.0,29.85
2017-10-23,30.0,9.0,29.85
2017-10-24,32.0,20.0,29.88
2017-10-25,33.0,18.0,29.94
2017-10-26,34.0,8.0,29.94
2017-10-27,34.0,7.0,29.91
2017-10-28,33.0,14.0,29.88
2017-10-29,32.0,18.0,29.85
2017-10-30,33.0,19.0,29.85
2017-10-31,28.0,14.0,29.94
2017-11-01,28.0,8.0,29.94
2017-11-02,29.0,15.0,29.88
2017-11-03,30.0,18.0,29.83
2017-11-04,30.0,13.0,29.85
2017-11-05,29.0,7.0,29.94
2017-11-06,30.0,12.0,29.97
2017-11-07,29.0,11.0,30.0
2017-11-08,29.0,13.0,29.97
2017-11-09,28.0,13.0,29.88
2017-11-10,26.0,13.0,29.91
2017-11-11,24.0,15.0,30.0
2017-11-12,24.0,17.0,30.09
2017-11-13,23.0,21.0,30.06
2017-11-14,23.0,15.0,30.0
2017-11-15,24.0,13.0,29.97
2017-11-16,24.0,16.0,30.0
2017-11-17,23.0,9.0,30.03
2017-11-18,23.0,5.0,30.09
2017-11-19,23.0,18.0,30.06
2017-11-20,26.0,26.0,29.97
2017-11-21,24.0,27.0,29.88
2017-11-22,22.0,15.0,29.88
2017-11-23,19.0,12.0,30.0
2017-11-24,18.0,11.0,30.12
2017-11-25,18.0,6.0,30.27
2017-11-26,17.0,10.0,30.24
2017-11-27,18.0,9.0,30.15
2017-11-28,19.0,15.0,30.18
2017-11-29,19.0,11.0,30.15
2017-11-30,20.0,11.0,30.15
2017-12-01,20.0,23.0,30.15
2017-12-02,18.0,22.0,30.15
2017-12-03,19.0,19.0,30.18
2017-12-04,19.0,15.0,30.18
2017-12-05,20.0,8.0,30.12
2017-12-06,21.0,21.0,29.97
2017-12-07,19.0,22.0,29.94
2017-12-08,14.0,21.0,30.24
2017-12-09,15.0,21.0,30.27
2017-12-10,15.0,17.0,30.27
2017-12-11,16.0,15.0,30.24
2017-12-12,17.0,26.0,30.18
2017-12-13,17.0,15.0,30.09
2017-12-14,18.0,11.0,29.97
2017-12-15,19.0,15.0,29.97
2017-12-16,19.0,16.0,30.12
2017-12-17,18.0,16.0,30.21
2017-12-18,18.0,13.0,30.24
2017-12-19,19.0,7.0,30.27
2017-12-20,21.0,6.0,30.3
2017-12-21,23.0,8.0,30.27
2017-12-22,23.0,12.0,30.18
2017-12-23,24.0,18.0,30.06
2017-12-24,24.0,19.0,29.94
2017-12-25,22.0,14.0,29.94
2017-12-26,18.0,20.0,30.15
2017-12-27,19.0,16.0,30.18
2017-12-28,20.0,13.0,30.18
2017-12-29,20.0,7.0,30.15
2017-12-30,20.0,8.0,30.12
2017-12-31,21.0,15.0,30.03
2018-01-01,22.0,23.0,29.88
2018-01-02,17.0,16.0,29.97
2018-01-03,17.0,11.0,30.09
2018-01-04,17.0,6.0,30.06
2018-01-05,19.0,21.0,29.91
2018-01-06,18.0,6.0,29.94
2018-01-07,18.0,15.0,30.09
2018-01-08,17.0,20.0,30.15
2018-01-09,16.0,15.0,30.21
2018-01-10,16.0,8.0,30.24
2018-01-11,16.0,5.0,30.27
2018-01-12,18.0,15.0,30.18
2018-01-13,18.0,14.0,30.09
2018-01-14,20.0,16.0,29.97
2018-01-15,18.0,12.0,30.09
2018-01-16,17.0,17.0,30.18
2018-01-17,16.0,9.0,30.06
2018-01-18,17.0,14.0,30.03
2018-01-19,20.0,29.0,29.88
2018-01-20,15.0,19.0,30.09
2018-01-21,15.0,15.0,30.21
2018-01-22,15.0,13.0,30.09
2018-01-23,18.0,25.0,29.91
2018-01-24,19.0,9.0,29.97
2018-01-25,19.0,17.0,29.91
2018-01-26,20.0,16.0,29.88
2018-01-27,15.0,15.0,30.0
2018-01-28,14.0,16.0,30.09
2018-01-29,14.0,15.0,30.15
2018-01-30,14.0,12.0,30.18
2018-01-31,15.0,8.0,30.27
2018-02-01,16.0,9.0,30.27
2018-02-02,16.0,23.0,30.24
2018-02-03,17.0,22.0,30.24
2018-02-04,18.0,13.0,30.18
2018-02-05,19.0,9.0,30.15
2018-02-06,21.0,6.0,30.12
2018-02-07,23.0,9.0,30.06
2018-02-08,21.0,20.0,30.0
2018-02-09,20.0,15.0,29.94
2018-02-10,22.0,7.0,29.91
2018-02-11,23.0,7.0,29.94
2018-02-12,26.0,21.0,29.85
2018-02-13,26.0,16.0,29.77
2018-02-14,19.0,21.0,30.12
2018-02-15,19.0,7.0,30.18
2018-02-16,22.0,22.0,30.12
2018-02-17,24.0,20.0,29.88
2018-02-18,21.0,22.0,29.83
2018-02-19,19.0,19.0,29.94
2018-02-20,18.0,8.0,30.03
2018-02-21,21.0,13.0,29.94
2018-02-22,22.0,9.0,29.83
2018-02-23,20.0,12.0,29.85
2018-02-24,18.0,15.0,29.8
2018-02-25,20.0,11.0,29.91
2018-02-26,22.0,24.0,29.91
2018-02-27,21.0,19.0,29.88
2018-02-28,22.0,7.0,29.94
2018-03-01,21.0,14.0,29.97
2018-03-02,22.0,11.0,30.03
2018-03-03,24.0,7.0,30.03
2018-03-04,26.0,15.0,29.94
2018-03-05,28.0,18.0,29.85
2018-03-06,28.0,14.0,29.88
2018-03-07,29.0,14.0,29.91
2018-03-08,26.0,15.0,29.91
2018-03-09,29.0,15.0,29.8
2018-03-10,26.0,22.0,29.8
2018-03-11,24.0,16.0,29.88
2018-03-12,24.0,17.0,29.97
2018-03-13,25.0,11.0,29.97
2018-03-14,28.0,12.0,29.91
2018-03-15,29.0,10.0,29.85
2018-03-16,29.0,11.0,29.77
2018-03-17,24.0,25.0,29.88
2018-03-18,23.0,21.0,29.91
2018-03-19,24.0,8.0,29.97
2018-03-20,28.0,9.0,29.97
2018-03-21,31.0,9.0,29.94
2018-03-22,28.0,25.0,29.94
2018-03-23,30.0,20.0,29.88
2018-03-24,33.0,17.0,29.85
2018-03-25,32.0,23.0,29.91
2018-03-26,32.0,5.0,30.0
2018-03-27,32.0,10.0,29.94
2018-03-28,34.0,15.0,29.85
2018-03-29,37.0,28.0,29.77
2018-03-30,28.0,37.0,29.77
2018-03-31,25.0,23.0,29.97
2018-04-01,26.0,21.0,29.91
2018-04-02,27.0,11.0,29.88
2018-04-03,29.0,6.0,29.88
2018-04-04,29.0,11.0,29.8
2018-04-05,28.0,10.0,29.8
2018-04-06,29.0,11.0,29.74
2018-04-07,29.0,9.0,29.83
2018-04-08,29.0,10.0,29.85
2018-04-09,30.0,6.0,29.85
2018-04-10,32.0,19.0,29.77
2018-04-11,32.0,18.0,29.74
2018-04-12,29.0,20.0,29.74
2018-04-13,28.0,12.0,29.8
2018-04-14,28.0,14.0,29.83
2018-04-15,30.0,7.0,29.8
2018-04-16,29.0,14.0,29.77
2018-04-17,28.0,10.0,29.91
2018-04-18,29.0,18.0,30.0
2018-04-19,31.0,16.0,29.91
2018-04-20,34.0,16.0,29.71
2018-04-21,32.0,12.0,29.68
2018-04-22,32.0,28.0,29.68
2018-04-23,26.0,27.0,29.77
2018-04-24,28.0,11.0,29.91
2018-04-25,30.0,8.0,29.85
2018-04-26,33.0,18.0,29.74
2018-04-27,31.0,33.0,29.68
2018-04-28,32.0,15.0,29.77
2018-04-29,30.0,13.0,29.83
2018-04-30,30.0,16.0,29.83
2018-05-01,32.0,9.0,29.85
2018-05-02,33.0,7.0,29.83
2018-05-03,33.0,16.0,29.77
2018-05-04,33.0,17.0,29.83
2018-05-05,35.0,8.0,29.8
2018-05-06,38.0,21.0,29.77
2018-05-07,36.0,19.0,29.74
2018-05-08,37.0,20.0,29.59
2018-05-09,32.0,11.0,29.65
2018-05-10,32.0,15.0,29.74
2018-05-11,32.0,30.0,29.65
2018-05-12,32.0,13.0,29.59
2018-05-13,32.0,17.0,29.65
2018-05-14,31.0,17.0,29.77
2018-05-15,32.0,18.0,29.83
2018-05-16,33.0,20.0,29.83
2018-05-17,33.0,17.0,29.83
2018-05-18,34.0,15.0,29.83
2018-05-19,36.0,15.0,29.8
2018-05-20,37.0,12.0,29.77
2018-05-21,38.0,10.0,29.77
2018-05-22,39.0,10.0,29.74
2018-05-23,38.0,22.0,29.77
2018-05-24,39.0,15.0,29.62
2018-05-25,38.0,20.0,29.62
2018-05-26,39.0,10.0,29.71
2018-05-27,40.0,11.0,29.71
2018-05-28,42.0,8.0,29.65
2018-05-29,41.0,20.0,29.62
2018-05-30,42.0,10.0,29.62
2018-05-31,42.0,13.0,29.59
2018-06-01,40.0,13.0,29.59
2018-06-02,39.0,22.0,29.59
2018-06-03,41.0,18.0,29.59
2018-06-04,43.0,17.0,29.5
2018-06-05,42.0,20.0,29.56
2018-06-06,42.0,29.0,29.68
2018-06-07,44.0,28.0,29.71
2018-06-08,44.0,29.0,29.62
2018-06-09,44.0,21.0,29.47
2018-06-10,41.0,30.0,29.44
2018-06-11,40.0,26.0,29.5
2018-06-12,40.0,18.0,29.5
2018-06-13,40.0,8.0,29.47
2018-06-14,40.0,20.0,29.53
2018-06-15,39.0,19.0,29.59
2018-06-16,40.0,21.0,29.59
2018-06-17,41.0,37.0,29.59
2018-06-18,42.0,24.0,29.53
2018-06-19,40.0,25.0,29.62
2018-06-20,41.0,27.0,29.65
2018-06-21,40.0,36.0,29.65
2018-06-22,39.0,36.0,29.62
2018-06-23,38.0,33.0,29.59
2018-06-24,40.0,27.0,29.56
2018-06-25,42.0,29.0,29.56
2018-06-26,44.0,39.0,29.5
2018-06-27,43.0,38.0,29.47
2018-06-28,43.0,33.0,29.41
2018-06-29,43.0,30.0,29.44
2018-06-30,41.0,30.0,29.5
2018-07-01,42.0,32.0,29.53
2018-07-02,43.0,30.0,29.5
2018-07-03,45.0,26.0,29.44
2018-07-04,45.0,19.0,29.38
2018-07-05,45.0,20.0,29.35
2018-07-06,46.0,16.0,29.38
2018-07-07,45.0,15.0,29.41
2018-07-08,44.0,22.0,29.5
2018-07-09,44.0,32.0,29.53
2018-07-10,44.0,33.0,29.44
2018-07-11,44.0,32.0,29.44
2018-07-12,44.0,35.0,29.41
2018-07-13,43.0,29.0,29.38
2018-07-14,43.0,17.0,29.38
2018-07-15,43.0,14.0,29.38
2018-07-16,43.0,19.0,29.38
2018-07-17,41.0,29.0,29.41
2018-07-18,41.0,24.0,29.41
2018-07-19,43.0,26.0,29.41
2018-07-20,43.0,34.0,29.41
2018-07-21,42.0,36.0,29.44
2018-07-22,41.0,24.0,29.47
2018-07-23,41.0,15.0,29.44
2018-07-24,41.0,12.0,29.44
2018-07-25,42.0,19.0,29.47
2018-07-26,44.0,40.0,29.47
2018-07-27,43.0,47.0,29.47
2018-07-28,40.0,41.0,29.44
2018-07-29,40.0,31.0,29.44
2018-07-30,42.0,30.0,29.5
2018-07-31,42.0,30.0,29.5
2018-08-01,41.0,23.0,29.5
2018-08-02,40.0,20.0,29.47
2018-08-03,41.0,11.0,29.47
2018-08-04,42.0,7.0,29.5
2018-08-05,44.0,18.0,29.53
2018-08-06,44.0,32.0,29.5
2018-08-07,42.0,39.0,29.47
2018-08-08,41.0,34.0,29.44
2018-08-09,42.0,26.0,29.47
2018-08-10,41.0,23.0,29.56
2018-08-11,42.0,23.0,29.56
2018-08-12,42.0,27.0,29.5
2018-08-13,41.0,35.0,29.44
2018-08-14,40.0,25.0,29.44
2018-08-15,40.0,14.0,29.47
2018-08-16,41.0,13.0,29.5
2018-08-17,42.0,22.0,29.5
2018-08-18,41.0,23.0,29.47
2018-08-19,41.0,20.0,29.47
2018-08-20,41.0,21.0,29.5
2018-08-21,42.0,26.0,29.5
2018-08-22,42.0,29.0,29.5
2018-08-23,42.0,24.0,29.53
2018-08-24,41.0,22.0,29.56
2018-08-25,42.0,27.0,29.5
2018-08-26,44.0,28.0,29.41
2018-08-27,43.0,20.0,29.47
2018-08-28,42.0,19.0,29.53
2018-08-29,42.0,24.0,29.59
2018-08-30,43.0,29.0,29.56
2018-08-31,44.0,30.0,29.53
2018-09-01,45.0,27.0,29.53
2018-09-02,43.0,24.0,29.53
2018-09-03,43.0,16.0,29.5
2018-09-04,43.0,8.0,29.53
2018-09-05,41.0,16.0,29.56
2018-09-06,40.0,10.0,29.59
2018-09-07,40.0,13.0,29.62
2018-09-08,40.0,14.0,29.65
2018-09-09,41.0,12.0,29.62
2018-09-10,39.0,17.0,29.71
2018-09-11,41.0,10.0,29.74
2018-09-12,43.0,19.0,29.71
2018-09-13,43.0,32.0,29.65
2018-09-14,42.0,20.0,29.59
2018-09-15,42.0,23.0,29.65
2018-09-16,41.0,26.0,29.68
2018-09-17,41.0,21.0,29.65
2018-09-18,42.0,13.0,29.62
2018-09-19,42.0,7.0,29.65
2018-09-20,42.0,11.0,29.68
2018-09-21,41.0,11.0,29.71
2018-09-22,41.0,9.0,29.71
2018-09-23,40.0,15.0,29.74
2018-09-24,38.0,17.0,29.77
2018-09-25,38.0,18.0,29.74
2018-09-26,39.0,10.0,29.71
2018-09-27,40.0,14.0,29.74
2018-09-28,38.0,15.0,29.77
2018-09-29,37.0,19.0,29.8
2018-09-30,36.0,19.0,29.83
2018-10-01,37.0,20.0,29.83
2018-10-02,38.0,15.0,29.83
2018-10-03,39.0,18.0,29.83
2018-10-04,38.0,20.0,29.83
2018-10-05,37.0,11.0,29.8
2018-10-06,36.0,11.0,29.77
2018-10-07,36.0,15.0,29.83
2018-10-08,37.0,15.0,29.8
2018-10-09,37.0,8.0,29.77
2018-10-10,38.0,8.0,29.77
2018-10-11,38.0,10.0,29.77
2018-10-12,38.0,10.0,29.8
2018-10-13,37.0,8.0,29.85
2018-10-14,36.0,12.0,29.85
2018-10-15,35.0,13.0,29.88
2018-10-16,34.0,8.0,29.88
2018-10-17,35.0,7.0,29.85
2018-10-18,34.0,8.0,29.83
2018-10-19,34.0,10.0,29.88
2018-10-20,32.0,16.0,29.91
2018-10-21,33.0,20.0,29.88
2018-10-22,32.0,13.0,29.94
2018-10-23,31.0,7.0,30.0
2018-10-24,31.0,6.0,29.94
2018-10-25,32.0,16.0,29.85
2018-10-26,32.0,25.0,29.85
2018-10-27,25.0,22.0,30.06
2018-10-28,22.0,15.0,30.15
2018-10-29,24.0,13.0,30.06
2018-10-30,26.0,6.0,30.03
2018-10-31,26.0,11.0,30.06
2018-11-01,26.0,9.0,30.09
2018-11-02,27.0,8.0,30.06
2018-11-03,24.0,13.0,30.09
2018-11-04,22.0,12.0,30.0
2018-11-05,25.0,15.0,29.91
2018-11-06,24.0,10.0,29.88
2018-11-07,24.0,5.0,30.03
2018-11-08,24.0,9.0,30.0
2018-11-09,24.0,9.0,29.97
2018-11-10,24.0,6.0,29.97
2018-11-11,24.0,8.0,30.03
2018-11-12,23.0,12.0,30.09
2018-11-13,22.0,10.0,30.06
2018-11-14,21.0,13.0,29.91
2018-11-15,22.0,21.0,29.91
2018-11-16,22.0,12.0,30.0
2018-11-17,22.0,15.0,30.15
2018-11-18,22.0,18.0,30.12
2018-11-19,21.0,15.0,30.09
2018-11-20,21.0,17.0,30.12
2018-11-21,21.0,11.0,30.09
2018-11-22,21.0,14.0,30.03
2018-11-23,19.0,19.0,29.94
2018-11-24,21.0,22.0,29.94
2018-11-25,20.0,15.0,30.0
2018-11-26,19.0,11.0,30.12
2018-11-27,19.0,7.0,30.18
2018-11-28,20.0,11.0,30.18
2018-11-29,21.0,7.0,30.15
2018-11-30,23.0,17.0,30.12
2018-12-01,23.0,22.0,30.03
2018-12-02,22.0,14.0,30.03
2018-12-03,19.0,12.0,30.06
2018-12-04,20.0,11.0,30.03
2018-12-05,22.0,21.0,29.94
2018-12-06,22.0,21.0,29.83
2018-12-07,20.0,7.0,29.94
2018-12-08,22.0,10.0,30.03
2018-12-09,21.0,11.0,30.09
2018-12-10,20.0,10.0,30.09
2018-12-11,19.0,10.0,30.15
2018-12-12,20.0,6.0,30.15
2018-12-13,20.0,10.0,30.18
2018-12-14,19.0,15.0,30.24
2018-12-15,17.0,19.0,30.27
2018-12-16,17.0,10.0,30.27
2018-12-17,19.0,19.0,30.12
2018-12-18,18.0,12.0,30.15
2018-12-19,18.0,6.0,30.21
2018-12-20,17.0,18.0,30.09
2018-12-21,18.0,15.0,30.12
2018-12-22,16.0,18.0,30.15
2018-12-23,16.0,13.0,30.18
2018-12-24,16.0,7.0,30.21
2018-12-25,17.0,6.0,30.24
2018-12-26,17.0,10.0,30.15
2018-12-27,19.0,27.0,29.97
2018-12-28,18.0,21.0,29.94
2018-12-29,16.0,9.0,30.12
2018-12-30,16.0,5.0,30.15
2018-12-31,16.0,9.0,30.21
2019-01-01,16.0,4.0,30.24
2019-01-02,19.0,21.0,30.06
2019-01-03,18.0,14.0,30.06
2019-01-04,17.0,13.0,30.3
2019-01-05,17.0,10.0,30.18
2019-01-06,20.0,24.0,29.91
2019-01-07,17.0,13.0,30.09
2019-01-08,15.0,7.0,30.12
2019-01-09,17.0,15.0,30.06
2019-01-10,14.0,20.0,30.3
2019-01-11,12.0,21.0,30.27
2019-01-12,12.0,9.0,30.18
2019-01-13,16.0,27.0,30.0
2019-01-14,17.0,20.0,29.94
2019-01-15,16.0,6.0,30.09
2019-01-16,18.0,16.0,29.94
2019-01-17,15.0,27.0,29.91
2019-01-18,13.0,15.0,30.15
2019-01-19,11.0,12.0,30.21
2019-01-20,11.0,13.0,30.27
2019-01-21,13.0,8.0,30.21
2019-01-22,14.0,9.0,30.12
2019-01-23,16.0,6.0,30.09
2019-01-24,17.0,8.0,30.09
2019-01-25,20.0,12.0,30.0
2019-01-26,21.0,10.0,30.03
2019-01-27,20.0,17.0,30.03
2019-01-28,19.0,24.0,29.91
2019-01-29,16.0,16.0,30.12
2019-01-30,17.0,5.0,30.18
2019-01-31,19.0,11.0,30.09
2019-02-01,19.0,12.0,30.09
2019-02-02,18.0,11.0,30.06
2019-02-03,17.0,18.0,30.12
2019-02-04,15.0,16.0,30.21
2019-02-05,16.0,14.0,30.27
2019-02-06,17.0,7.0,30.27
2019-02-07,17.0,13.0,30.18
2019-02-08,18.0,28.0,30.06
2019-02-09,16.0,18.0,30.0
2019-02-10,16.0,10.0,30.03
2019-02-11,17.0,14.0,30.0
2019-02-12,16.0,21.0,30.09
2019-02-13,17.0,9.0,30.21
2019-02-14,18.0,21.0,30.06
2019-02-15,21.0,28.0,29.88
2019-02-16,16.0,16.0,30.09
2019-02-17,18.0,15.0,30.09
2019-02-18,16.0,11.0,30.03
2019-02-19,16.0,17.0,29.97
2019-02-20,17.0,13.0,30.12
2019-02-21,18.0,6.0,30.15
2019-02-22,19.0,13.0,30.06
2019-02-23,20.0,15.0,30.03
2019-02-24,21.0,12.0,30.03
2019-02-25,20.0,21.0,30.12
2019-02-26,20.0,11.0,30.0
2019-02-27,22.0,24.0,29.71
2019-02-28,21.0,15.0,29.74
2019-03-01,15.0,30.0,29.77
2019-03-02,16.0,13.0,29.97
2019-03-03,18.0,8.0,30.0
2019-03-04,20.0,8.0,30.0
2019-03-05,21.0,12.0,30.0
2019-03-06,20.0,17.0,30.0
2019-03-07,21.0,19.0,30.0
2019-03-08,18.0,24.0,29.97
2019-03-09,19.0,19.0,30.12
2019-03-10,20.0,18.0,30.09
2019-03-11,22.0,8.0,30.0
2019-03-12,21.0,13.0,30.12
2019-03-13,22.0,12.0,30.03
2019-03-14,23.0,39.0,29.83
2019-03-15,21.0,11.0,29.94
2019-03-16,22.0,16.0,29.91
2019-03-17,20.0,29.0,29.83
2019-03-18,19.0,21.0,30.03
2019-03-19,20.0,12.0,30.09
2019-03-20,22.0,8.0,29.97
2019-03-21,22.0,12.0,29.97
2019-03-22,22.0,10.0,30.0
2019-03-23,24.0,9.0,29.94
2019-03-24,24.0,29.0,29.71
2019-03-25,25.0,29.0,29.56
2019-03-26,22.0,21.0,29.77
2019-03-27,22.0,10.0,30.03
2019-03-28,24.0,15.0,30.03
2019-03-29,23.0,12.0,30.06
2019-03-30,26.0,35.0,29.83
2019-03-31,27.0,31.0,29.71
2019-04-01,22.0,26.0,29.68
2019-04-02,22.0,8.0,29.97
2019-04-03,25.0,16.0,29.88
2019-04-04,27.0,10.0,29.88
2019-04-05,29.0,24.0,29.8
2019-04-06,27.0,14.0,29.85
2019-04-07,26.0,17.0,29.85
2019-04-08,27.0,12.0,29.8
2019-04-09,27.0,19.0,29.8
2019-04-10,28.0,12.0,29.85
2019-04-11,30.0,17.0,29.8
2019-04-12,28.0,16.0,29.83
2019-04-13,27.0,25.0,29.85
2019-04-14,28.0,23.0,29.85
2019-04-15,31.0,6.0,29.83
2019-04-16,31.0,12.0,29.83
2019-04-17,29.0,28.0,29.77
2019-04-18,28.0,18.0,29.8
2019-04-19,27.0,18.0,29.8
2019-04-20,26.0,20.0,29.85
2019-04-21,25.0,11.0,29.83
2019-04-22,21.0,27.0,29.85
2019-04-23,23.0,14.0,30.03
2019-04-24,24.0,24.0,30.09
2019-04-25,25.0,26.0,30.03
2019-04-26,25.0,18.0,29.97
2019-04-27,28.0,11.0,29.97
2019-04-28,28.0,12.0,29.97
2019-04-29,31.0,8.0,29.94
2019-04-30,33.0,10.0,29.91
2019-05-01,34.0,13.0,29.85
2019-05-02,36.0,11.0,29.8
2019-05-03,37.0,9.0,29.77
2019-05-04,34.0,22.0,29.74
2019-05-05,31.0,22.0,29.91
2019-05-06,32.0,20.0,29.88
2019-05-07,35.0,17.0,29.77
2019-05-08,36.0,15.0,29.68
2019-05-09,35.0,20.0,29.65
2019-05-10,34.0,20.0,29.74
2019-05-11,32.0,19.0,29.88
2019-05-12,34.0,15.0,29.85
2019-05-13,37.0,24.0,29.77
2019-05-14,39.0,25.0,29.71
2019-05-15,39.0,27.0,29.68
2019-05-16,38.0,16.0,29.65
2019-05-17,39.0,13.0,29.65
2019-05-18,38.0,9.0,29.65
2019-05-19,38.0,15.0,29.68
2019-05-20,37.0,12.0,29.71
2019-05-21,37.0,26.0,29.8
2019-05-22,38.0,22.0,29.8
2019-05-23,38.0,24.0,29.77
2019-05-24,41.0,25.0,29.74
2019-05-25,42.0,18.0,29.74
2019-05-26,43.0,14.0,29.68
2019-05-27,42.0,21.0,29.68
2019-05-28,42.0,12.0,29.68
2019-05-29,43.0,13.0,29.65
2019-05-30,41.0,26.0,29.65
2019-05-31,40.0,24.0,29.62
2019-06-01,40.0,25.0,29.65
2019-06-02,42.0,27.0,29.65
2019-06-03,42.0,25.0,29.62
2019-06-04,43.0,24.0,29.59
2019-06-05,43.0,22.0,29.62
2019-06-06,43.0,23.0,29.65
2019-06-07,44.0,24.0,29.65
2019-06-08,44.0,24.0,29.65
2019-06-09,45.0,17.0,29.59
2019-06-10,45.0,13.0,29.53
2019-06-11,45.0,20.0,29.56
2019-06-12,42.0,32.0,29.62
2019-06-13,41.0,27.0,29.59
2019-06-14,42.0,17.0,29.53
2019-06-15,43.0,9.0,29.5
2019-06-16,43.0,13.0,29.53
2019-06-17,42.0,18.0,29.59
2019-06-18,42.0,22.0,29.62
2019-06-19,39.0,32.0,29.59
2019-06-20,38.0,29.0,29.53
2019-06-21,39.0,27.0,29.56
2019-06-22,39.0,25.0,29.56
2019-06-23,41.0,19.0,29.59
2019-06-24,42.0,20.0,29.59
2019-06-25,43.0,24.0,29.59
2019-06-26,44.0,27.0,29.56
2019-06-27,45.0,31.0,29.44
2019-06-28,43.0,19.0,29.38
2019-06-29,43.0,14.0,29.38
2019-06-30,42.0,22.0,29.41
2019-07-01,41.0,28.0,29.47
2019-07-02,41.0,35.0,29.47
2019-07-03,42.0,31.0,29.5
2019-07-04,42.0,26.0,29.53
2019-07-05,41.0,28.0,29.47
2019-07-06,44.0,30.0,29.38
2019-07-07,43.0,22.0,29.35
2019-07-08,42.0,20.0,29.44
2019-07-09,40.0,24.0,29.44
2019-07-10,42.0,27.0,29.35
2019-07-11,41.0,24.0,29.38
2019-07-12,42.0,26.0,29.44
2019-07-13,41.0,31.0,29.47
2019-07-14,39.0,26.0,29.5
2019-07-15,40.0,27.0,29.47
2019-07-16,41.0,33.0,29.44
2019-07-17,39.0,32.0,29.47
2019-07-18,42.0,38.0,29.44
2019-07-19,41.0,36.0,29.47
2019-07-20,40.0,31.0,29.5
2019-07-21,42.0,22.0,29.5
2019-07-22,43.0,28.0,29.44
2019-07-23,43.0,29.0,29.41
2019-07-24,45.0,23.0,29.44
2019-07-25,44.0,20.0,29.47
2019-07-26,41.0,36.0,29.44
2019-07-27,41.0,28.0,29.35
2019-07-28,41.0,11.0,29.41
2019-07-29,43.0,8.0,29.47
2019-07-30,43.0,15.0,29.47
2019-07-31,43.0,24.0,29.47
2019-08-01,43.0,24.0,29.44
2019-08-02,44.0,25.0,29.38
2019-08-03,41.0,26.0,29.38
2019-08-04,41.0,18.0,29.41
2019-08-05,41.0,23.0,29.41
2019-08-06,41.0,26.0,29.41
2019-08-07,42.0,31.0,29.41
2019-08-08,42.0,32.0,29.41
2019-08-09,41.0,28.0,29.41
2019-08-10,41.0,23.0,29.41
2019-08-11,40.0,21.0,29.41
2019-08-12,42.0,19.0,29.38
2019-08-13,43.0,20.0,29.41
2019-08-14,44.0,17.0,29.47
2019-08-15,44.0,24.0,29.53
2019-08-16,40.0,23.0,29.56
2019-08-17,39.0,25.0,29.5
2019-08-18,39.0,16.0,29.5
2019-08-19,40.0,16.0,29.59
2019-08-20,42.0,19.0,29.62
2019-08-21,43.0,19.0,29.59
2019-08-22,42.0,25.0,29.56
2019-08-23,42.0,26.0,29.56
2019-08-24,42.0,19.0,29.59
2019-08-25,43.0,14.0,29.56
2019-08-26,44.0,15.0,29.53
2019-08-27,45.0,26.0,29.53
2019-08-28,45.0,27.0,29.53
2019-08-29,44.0,27.0,29.56
2019-08-30,45.0,13.0,29.53
2019-08-31,45.0,22.0,29.47
2019-09-01,42.0,24.0,29.53
2019-09-02,42.0,17.0,29.56
2019-09-03,42.0,17.0,29.53
2019-09-04,40.0,21.0,29.53
2019-09-05,40.0,16.0,29.53
2019-09-06,41.0,19.0,29.56
2019-09-07,39.0,26.0,29.53
2019-09-08,37.0,21.0,29.56
2019-09-09,37.0,23.0,29.59
2019-09-10,37.0,24.0,29.62
2019-09-11,37.0,22.0,29.68
2019-09-12,37.0,21.0,29.68
2019-09-13,36.0,14.0,29.68
2019-09-14,38.0,9.0,29.68
2019-09-15,40.0,16.0,29.65
2019-09-16,42.0,12.0,29.68
2019-09-17,41.0,14.0,29.68
2019-09-18,41.0,22.0,29.68
2019-09-19,38.0,27.0,29.74
2019-09-20,39.0,27.0,29.68
2019-09-21,40.0,18.0,29.62
2019-09-22,38.0,17.0,29.65
2019-09-23,38.0,17.0,29.71
2019-09-24,38.0,15.0,29.71
2019-09-25,37.0,9.0,29.74
2019-09-26,38.0,13.0,29.74
2019-09-27,38.0,13.0,29.77
2019-09-28,39.0,11.0,29.71
2019-09-29,39.0,11.0,29.68
2019-09-30,37.0,9.0,29.68
2019-10-01,37.0,9.0,29.68
2019-10-02,38.0,8.0,29.71
2019-10-03,40.0,12.0,29.68
2019-10-04,36.0,22.0,29.74
2019-10-05,33.0,20.0,29.74
2019-10-06,33.0,10.0,29.71
2019-10-07,34.0,9.0,29.8
2019-10-08,34.0,10.0,29.91
2019-10-09,36.0,12.0,29.88
2019-10-10,37.0,17.0,29.8
2019-10-11,36.0,15.0,29.8
2019-10-12,36.0,8.0,29.77
2019-10-13,35.0,5.0,29.83
2019-10-14,34.0,5.0,29.91
2019-10-15,33.0,14.0,29.91
2019-10-16,32.0,13.0,29.91
2019-10-17,33.0,12.0,29.94
2019-10-18,33.0,15.0,29.91
2019-10-19,33.0,12.0,29.88
2019-10-20,31.0,11.0,29.88
2019-10-21,30.0,17.0,29.85
2019-10-22,31.0,14.0,29.8
2019-10-23,32.0,19.0,29.83
2019-10-24,32.0,15.0,29.83
2019-10-25,30.0,12.0,29.83
2019-10-26,28.0,7.0,29.85
2019-10-27,28.0,11.0,29.83
2019-10-28,28.0,9.0,29.85
2019-10-29,29.0,7.0,29.88
2019-10-30,29.0,11.0,29.85
2019-10-31,26.0,19.0,29.94
2019-11-01,25.0,15.0,29.94
2019-11-02,26.0,9.0,29.94
2019-11-03,27.0,7.0,30.0
2019-11-04,29.0,16.0,30.0
2019-11-05,27.0,22.0,30.03
2019-11-06,25.0,19.0,29.97
2019-11-07,25.0,12.0,29.94
2019-11-08,26.0,12.0,29.94
2019-11-09,25.0,9.0,29.94
2019-11-10,26.0,5.0,29.97
2019-11-11,27.0,7.0,30.0
2019-11-12,26.0,10.0,30.0
2019-11-13,25.0,9.0,30.0
2019-11-14,25.0,7.0,30.03
2019-11-15,26.0,9.0,29.97
2019-11-16,25.0,6.0,29.91
2019-11-17,21.0,18.0,30.0
2019-11-18,20.0,11.0,30.06
2019-11-19,18.0,19.0,30.03
2019-11-20,18.0,21.0,30.0
2019-11-21,19.0,15.0,30.06
2019-11-22,19.0,8.0,30.12
2019-11-23,19.0,8.0,30.09
2019-11-24,20.0,14.0,30.06
2019-11-25,22.0,14.0,30.03
2019-11-26,23.0,9.0,30.06
2019-11-27,23.0,12.0,30.06
2019-11-28,23.0,17.0,30.0
2019-11-29,23.0,13.0,30.03
2019-11-30,23.0,9.0,30.09
2019-12-01,22.0,8.0,30.06
2019-12-02,22.0,24.0,29.91
2019-12-03,19.0,25.0,29.94
2019-12-04,18.0,14.0,30.09
2019-12-05,19.0,6.0,30.12
2019-12-06,19.0,20.0,30.03
2019-12-07,19.0,16.0,29.91
2019-12-08,16.0,12.0,30.0
2019-12-09,16.0,6.0,30.09
2019-12-10,17.0,11.0,30.06
2019-12-11,19.0,8.0,30.03
2019-12-12,19.0,9.0,29.97
2019-12-13,19.0,18.0,29.88
2019-12-14,18.0,5.0,30.03
2019-12-15,19.0,6.0,30.06
2019-12-16,17.0,15.0,29.97
2019-12-17,16.0,15.0,30.06
2019-12-18,17.0,10.0,30.21
2019-12-19,17.0,17.0,30.24
2019-12-20,16.0,14.0,30.21
2019-12-21,17.0,8.0,30.21
2019-12-22,18.0,4.0,30.18
2019-12-23,18.0,6.0,30.15
2019-12-24,17.0,14.0,30.09
2019-12-25,18.0,28.0,30.03
2019-12-26,19.0,16.0,29.94
2019-12-27,19.0,11.0,29.94
2019-12-28,17.0,12.0,30.03
2019-12-29,17.0,7.0,30.09
2019-12-30,19.0,20.0,30.03
2019-12-31,18.0,19.0,30.0
2020-01-01,15.0,18.0,30.03
2020-01-02,16.0,7.0,30.06
2020-01-03,18.0,12.0,30.0
2020-01-04,18.0,12.0,29.91
2020-01-05,15.0,14.0,29.97
2020-01-06,16.0,7.0,30.12
2020-01-07,18.0,5.0,30.12
2020-01-08,17.0,23.0,29.94
2020-01-09,15.0,9.0,29.94
2020-01-10,15.0,14.0,29.91
2020-01-11,14.0,26.0,29.88
2020-01-12,14.0,26.0,30.09
2020-01-13,14.0,10.0,30.09
2020-01-14,13.0,22.0,30.12
2020-01-15,14.0,15.0,30.27
2020-01-16,16.0,6.0,30.24
2020-01-17,18.0,26.0,30.06
2020-01-18,19.0,21.0,29.91
2020-01-19,16.0,10.0,30.06
2020-01-20,17.0,9.0,30.12
2020-01-21,17.0,10.0,30.03
2020-01-22,15.0,24.0,29.91
2020-01-23,13.0,18.0,30.06
2020-01-24,14.0,14.0,30.06
2020-01-25,12.0,21.0,30.09
2020-01-26,13.0,28.0,30.21
2020-01-27,13.0,18.0,30.24
2020-01-28,15.0,8.0,30.18
2020-01-29,17.0,17.0,30.0
2020-01-30,17.0,10.0,30.15
2020-01-31,17.0,11.0,30.03
2020-02-01,15.0,21.0,30.0
2020-02-02,15.0,7.0,30.15
2020-02-03,13.0,13.0,30.24
2020-02-04,15.0,5.0,30.12
2020-02-05,18.0,15.0,30.09
2020-02-06,21.0,23.0,30.06
2020-02-07,21.0,17.0,29.94
2020-02-08,18.0,22.0,29.97
2020-02-09,14.0,17.0,30.15
2020-02-10,8.0,23.0,30.24
2020-02-11,7.0,18.0,30.24
2020-02-12,7.0,11.0,30.42
2020-02-13,13.0,12.0,30.36
2020-02-14,17.0,15.0,30.21
2020-02-15,17.0,13.0,30.15
2020-02-16,20.0,19.0,30.0
2020-02-17,22.0,19.0,29.94
2020-02-18,18.0,17.0,30.03
2020-02-19,24.0,21.0,29.8
2020-02-20,20.0,19.0,29.83
2020-02-21,19.0,11.0,30.0
2020-02-22,22.0,16.0,30.0
2020-02-23,22.0,11.0,30.03
2020-02-24,24.0,18.0,29.91
2020-02-25,22.0,23.0,29.74
2020-02-26,16.0,32.0,29.85
2020-02-27,18.0,13.0,30.09
2020-02-28,19.0,11.0,30.03
2020-02-29,21.0,8.0,29.88
2020-03-01,21.0,18.0,29.8
2020-03-02,18.0,18.0,30.03
2020-03-03,19.0,19.0,30.12
2020-03-04,19.0,20.0,30.03
2020-03-05,21.0,11.0,30.0
2020-03-06,23.0,17.0,29.88
2020-03-07,22.0,23.0,29.8
2020-03-08,21.0,18.0,29.91
2020-03-09,23.0,15.0,29.94
2020-03-10,25.0,7.0,30.0
2020-03-11,26.0,6.0,30.0
2020-03-12,26.0,9.0,29.94
2020-03-13,27.0,26.0,29.88
2020-03-14,23.0,34.0,29.8
2020-03-15,23.0,12.0,29.83
2020-03-16,23.0,7.0,29.91
2020-03-17,26.0,16.0,29.88
2020-03-18,22.0,31.0,29.8
2020-03-19,22.0,12.0,29.94
2020-03-20,24.0,15.0,29.83
2020-03-21,23.0,23.0,29.65
2020-03-22,18.0,24.0,29.8
2020-03-23,21.0,21.0,29.88
2020-03-24,23.0,8.0,29.88
2020-03-25,24.0,17.0,29.83
2020-03-26,25.0,23.0,29.8
2020-03-27,26.0,26.0,29.83
2020-03-28,24.0,26.0,29.74
2020-03-29,23.0,29.0,29.74
2020-03-30,24.0,19.0,29.85
2020-03-31,25.0,7.0,29.97
2020-04-01,28.0,35.0,29.83
2020-04-02,27.0,16.0,29.8
2020-04-03,26.0,14.0,29.91
2020-04-04,28.0,18.0,29.97
2020-04-05,27.0,17.0,30.03
2020-04-06,31.0,10.0,29.91
2020-04-07,33.0,20.0,29.74
2020-04-08,31.0,11.0,29.74
2020-04-09,33.0,15.0,29.65
2020-04-10,30.0,19.0,29.65
2020-04-11,27.0,20.0,29.77
2020-04-12,26.0,14.0,29.88
2020-04-13,26.0,19.0,29.94
2020-04-14,26.0,14.0,29.91
2020-04-15,27.0,17.0,29.88
2020-04-16,28.0,15.0,29.83
2020-04-17,30.0,7.0,29.77
2020-04-18,25.0,24.0,29.8
2020-04-19,27.0,12.0,29.83
2020-04-20,31.0,14.0,29.8
2020-04-21,32.0,11.0,29.8
2020-04-22,32.0,12.0,29.77
2020-04-23,35.0,23.0,29.68
2020-04-24,34.0,15.0,29.68
2020-04-25,36.0,24.0,29.56
2020-04-26,29.0,27.0,29.65
2020-04-27,28.0,12.0,29.83
2020-04-28,32.0,18.0,29.77
2020-04-29,31.0,22.0,29.74
2020-04-30,30.0,17.0,29.74
2020-05-01,33.0,10.0,29.74
2020-05-02,34.0,14.0,29.68
2020-05-03,33.0,17.0,29.74
2020-05-04,35.0,15.0,29.8
2020-05-05,39.0,30.0,29.68
2020-05-06,30.0,27.0,29.71
2020-05-07,31.0,14.0,29.83
2020-05-08,33.0,12.0,29.83
2020-05-09,34.0,28.0,29.71
2020-05-10,31.0,20.0,29.8
2020-05-11,32.0,17.0,29.85
2020-05-12,32.0,27.0,29.85
2020-05-13,33.0,29.0,29.77
2020-05-14,36.0,27.0,29.68
2020-05-15,38.0,19.0,29.68
2020-05-16,38.0,10.0,29.68
2020-05-17,39.0,8.0,29.65
2020-05-18,39.0,10.0,29.65
2020-05-19,40.0,11.0,29.62
2020-05-20,38.0,16.0,29.56
2020-05-21,39.0,10.0,29.62
2020-05-22,41.0,6.0,29.68
2020-05-23,42.0,19.0,29.65
2020-05-24,39.0,19.0,29.59
2020-05-25,33.0,28.0,29.74
2020-05-26,35.0,26.0,29.85
2020-05-27,38.0,20.0,29.8
2020-05-28,41.0,12.0,29.68
2020-05-29,42.0,22.0,29.62
2020-05-30,38.0,36.0,29.71
2020-05-31,39.0,31.0,29.71
2020-06-01,41.0,16.0,29.62
2020-06-02,43.0,22.0,29.53
2020-06-03,42.0,11.0,29.59
2020-06-04,41.0,25.0,29.68
2020-06-05,41.0,29.0,29.71
2020-06-06,42.0,31.0,29.65
2020-06-07,41.0,30.0,29.56
2020-06-08,42.0,22.0,29.5
2020-06-09,42.0,9.0,29.56
2020-06-10,43.0,11.0,29.56
2020-06-11,43.0,18.0,29.5
2020-06-12,40.0,24.0,29.56
2020-06-13,38.0,24.0,29.59
2020-06-14,39.0,20.0,29.62
2020-06-15,42.0,9.0,29.56
2020-06-16,43.0,15.0,29.47
2020-06-17,41.0,35.0,29.5
2020-06-18,40.0,32.0,29.44
2020-06-19,41.0,27.0,29.44
2020-06-20,39.0,15.0,29.47
2020-06-21,37.0,23.0,29.56
2020-06-22,38.0,26.0,29.56
2020-06-23,41.0,31.0,29.5
2020-06-24,41.0,32.0,29.53
2020-06-25,39.0,27.0,29.56
2020-06-26,41.0,23.0,29.53
2020-06-27,42.0,24.0,29.5
2020-06-28,42.0,20.0,29.47
2020-06-29,42.0,19.0,29.38
2020-06-30,41.0,14.0,29.38
2020-07-01,42.0,10.0,29.38
2020-07-02,42.0,16.0,29.44
2020-07-03,43.0,15.0,29.5
2020-07-04,44.0,25.0,29.44
2020-07-05,44.0,26.0,29.29
2020-07-06,44.0,17.0,29.26
2020-07-07,45.0,6.0,29.32
2020-07-08,44.0,15.0,29.35
2020-07-09,44.0,8.0,29.38
2020-07-10,45.0,21.0,29.41
2020-07-11,46.0,25.0,29.38
2020-07-12,45.0,29.0,29.35
2020-07-13,43.0,11.0,29.35
2020-07-14,44.0,9.0,29.41
2020-07-15,44.0,23.0,29.47
2020-07-16,43.0,27.0,29.35
2020-07-17,44.0,29.0,29.35
2020-07-18,44.0,27.0,29.41
2020-07-19,46.0,26.0,29.47
2020-07-20,46.0,30.0,29.47
2020-07-21,45.0,32.0,29.38
2020-07-22,45.0,18.0,29.35
2020-07-23,45.0,8.0,29.41
2020-07-24,46.0,8.0,29.41
2020-07-25,46.0,9.0,29.44
2020-07-26,45.0,10.0,29.5
2020-07-27,47.0,11.0,29.47
2020-07-28,47.0,15.0,29.41
2020-07-29,45.0,17.0,29.44
2020-07-30,49.0,17.0,29.38
2020-07-31,48.0,27.0,29.35
2020-08-01,44.0,13.0,29.35
2020-08-02,44.0,15.0,29.41
2020-08-03,43.0,18.0,29.41
2020-08-04,43.0,26.0,29.32
2020-08-05,42.0,19.0,29.35
2020-08-06,41.0,15.0,29.41
2020-08-07,43.0,21.0,29.35
2020-08-08,43.0,27.0,29.29
2020-08-09,42.0,24.0,29.35
2020-08-10,41.0,23.0,29.44
2020-08-11,39.0,27.0,29.5
2020-08-12,40.0,21.0,29.5
2020-08-13,41.0,22.0,29.44
2020-08-14,41.0,26.0,29.35
2020-08-15,40.0,26.0,29.35
2020-08-16,40.0,23.0,29.41
2020-08-17,40.0,24.0,29.41
2020-08-18,40.0,25.0,29.38
2020-08-19,40.0,22.0,29.41
2020-08-20,41.0,22.0,29.44
2020-08-21,41.0,21.0,29.41
2020-08-22,41.0,10.0,29.38
2020-08-23,40.0,16.0,29.41
2020-08-24,39.0,16.0,29.47
2020-08-25,40.0,25.0,29.5
2020-08-26,40.0,24.0,29.5
2020-08-27,39.0,20.0,29.5
2020-08-28,40.0,20.0,29.5
2020-08-29,41.0,22.0,29.53
2020-08-30,41.0,12.0,29.53
2020-08-31,42.0,12.0,29.53
2020-09-01,43.0,11.0,29.56
2020-09-02,41.0,10.0,29.68
2020-09-03,42.0,11.0,29.68
2020-09-04,42.0,12.0,29.62
2020-09-05,40.0,12.0,29.53
2020-09-06,40.0,15.0,29.59
2020-09-07,42.0,10.0,29.65
2020-09-08,43.0,18.0,29.62
2020-09-09,42.0,16.0,29.59
2020-09-10,42.0,14.0,29.56
2020-09-11,41.0,15.0,29.56
2020-09-12,41.0,16.0,29.59
2020-09-13,43.0,6.0,29.62
2020-09-14,42.0,11.0,29.59
2020-09-15,40.0,18.0,29.59
2020-09-16,40.0,13.0,29.62
2020-09-17,40.0,16.0,29.68
2020-09-18,42.0,18.0,29.68
2020-09-19,40.0,16.0,29.62
2020-09-20,38.0,27.0,29.62
2020-09-21,40.0,32.0,29.62
2020-09-22,41.0,23.0,29.62
2020-09-23,41.0,25.0,29.62
2020-09-24,39.0,21.0,29.68
2020-09-25,38.0,17.0,29.65
2020-09-26,39.0,11.0,29.59
2020-09-27,38.0,21.0,29.62
2020-09-28,37.0,23.0,29.65
2020-09-29,37.0,17.0,29.59
2020-09-30,35.0,10.0,29.59
2020-10-01,35.0,6.0,29.71
2020-10-02,36.0,6.0,29.77
2020-10-03,37.0,13.0,29.74
2020-10-04,37.0,10.0,29.74
2020-10-05,36.0,12.0,29.71
2020-10-06,34.0,20.0,29.74
2020-10-07,33.0,15.0,29.8
2020-10-08,32.0,16.0,29.85
2020-10-09,31.0,22.0,29.85
2020-10-10,30.0,12.0,29.85
2020-10-11,31.0,13.0,29.85
2020-10-12,32.0,14.0,29.85
2020-10-13,32.0,14.0,29.8
2020-10-14,32.0,10.0,29.8
2020-10-15,32.0,7.0,29.83
2020-10-16,32.0,14.0,29.83
2020-10-17,31.0,13.0,29.83
2020-10-18,31.0,16.0,29.88
2020-10-19,32.0,19.0,29.88
2020-10-20,32.0,23.0,29.85
2020-10-21,32.0,21.0,29.85
2020-10-22,33.0,24.0,29.88
2020-10-23,33.0,20.0,29.83
2020-10-24,31.0,14.0,29.85
2020-10-25,31.0,8.0,29.88
2020-10-26,30.0,8.0,29.91
2020-10-27,31.0,11.0,29.91
2020-10-28,29.0,13.0,29.94
2020-10-29,28.0,8.0,29.94
2020-10-30,28.0,7.0,29.97
2020-10-31,28.0,10.0,29.94
2020-11-01,29.0,13.0,29.97
2020-11-02,30.0,14.0,30.0
2020-11-03,30.0,15.0,29.97
2020-11-04,30.0,12.0,29.88
2020-11-05,30.0,16.0,29.8
2020-11-06,29.0,24.0,29.83
2020-11-07,29.0,20.0,29.88
2020-11-08,30.0,22.0,29.94
2020-11-09,29.0,17.0,30.0
2020-11-10,28.0,7.0,29.94
2020-11-11,27.0,9.0,29.91
2020-11-12,26.0,11.0,30.0
2020-11-13,24.0,15.0,30.06
2020-11-14,23.0,15.0,30.03
2020-11-15,20.0,12.0,30.0
2020-11-16,22.0,10.0,30.03
2020-11-17,23.0,12.0,30.06
2020-11-18,21.0,16.0,30.06
2020-11-19,20.0,9.0,30.03
2020-11-20,25.0,29.0,29.91
2020-11-21,25.0,19.0,29.85
2020-11-22,22.0,19.0,30.0
2020-11-23,20.0,20.0,30.06
2020-11-24,19.0,17.0,30.03
2020-11-25,19.0,11.0,29.97
2020-11-26,23.0,27.0,29.88
2020-11-27,23.0,10.0,30.03
2020-11-28,20.0,27.0,30.03
2020-11-29,20.0,19.0,29.97
2020-11-30,19.0,15.0,30.06
2020-12-01,20.0,6.0,30.06
2020-12-02,19.0,12.0,30.06
2020-12-03,20.0,8.0,30.06
2020-12-04,21.0,13.0,30.03
2020-12-05,20.0,15.0,29.97
2020-12-06,17.0,17.0,29.94
2020-12-07,17.0,16.0,30.12
2020-12-08,18.0,10.0,30.18
2020-12-09,19.0,8.0,30.09
2020-12-10,19.0,13.0,30.09
2020-12-11,17.0,12.0,30.12
2020-12-12,17.0,11.0,30.15
2020-12-13,18.0,12.0,30.15
2020-12-14,20.0,8.0,30.09
2020-12-15,20.0,25.0,30.0
2020-12-16,20.0,21.0,29.94
2020-12-17,19.0,10.0,30.03
2020-12-18,18.0,8.0,30.06
2020-12-19,18.0,11.0,30.15
2020-12-20,16.0,13.0,30.24
2020-12-21,16.0,12.0,30.24
2020-12-22,17.0,10.0,30.18
2020-12-23,18.0,15.0,30.0
2020-12-24,16.0,16.0,29.94
2020-12-25,13.0,21.0,30.18
2020-12-26,12.0,18.0,30.27
2020-12-27,13.0,12.0,30.27
2020-12-28,14.0,9.0,30.27
2020-12-29,15.0,12.0,30.18
2020-12-30,16.0,11.0,30.15
2020-12-31,17.0,8.0,30.12
